source,target,location_weight,travel_weight,consume_weight,location_weight_norm,travel_weight_norm,consume_weight_norm,score
Ada Campo-Corrente,Ingrid Barranco,25.0,30.0,0.0,1.0,1.0,0.0,0.6400000000000001
Adra Nubarron,Isande Borrasca,15.0,18.0,0.0,0.6,0.6,0.0,0.576
Birgitta Frente,Nils Calixto,11.0,13.2,6.0,0.44,0.43999999999999995,0.13761467889908258,0.45542752293577976
Bertrand Ovan,Hennie Osvaldo,7.0,8.4,33.2,0.28,0.28,0.761467889908257,0.45155229357798166
Sven Flecha,Varja Lagos,9.0,10.799999999999999,17.400000000000002,0.36,0.36,0.3990825688073395,0.44137981651376146
Adra Nubarron,Bertrand Ovan,10.0,12.0,7.2,0.4,0.4,0.1651376146788991,0.42363302752293586
Nils Calixto,Vira Frente,10.0,12.0,0.0,0.4,0.4,0.0,0.38400000000000006
Minke Mies,Orhan Strum,10.0,12.0,0.0,0.4,0.4,0.0,0.38400000000000006
Isande Borrasca,Isia Vann,10.0,12.0,0.0,0.4,0.4,0.0,0.38400000000000006
Ingrid Barranco,Marin Onda,10.0,12.0,0.0,0.4,0.4,0.0,0.38400000000000006
Bertrand Ovan,Felix Resumir,6.0,7.199999999999999,25.000000000000004,0.24,0.23999999999999996,0.5733944954128442,0.3680146788990826
Axel Calzas,Varja Lagos,9.0,10.799999999999999,4.0,0.36,0.36,0.09174311926605505,0.3676183486238532
Kanon Herrero,Varja Lagos,9.0,10.799999999999999,2.0,0.36,0.36,0.045871559633027525,0.35660917431192657
Birgitta Frente,Isak Baza,7.0,8.4,14.0,0.28,0.28,0.3211009174311927,0.3458642201834863
Ingrid Barranco,Minke Mies,9.0,10.799999999999999,0.0,0.36,0.36,0.0,0.34559999999999996
Orhan Strum,Vira Frente,8.0,9.6,6.0,0.32,0.32,0.13761467889908258,0.3402275229357798
Inga Ferro,Isak Baza,8.0,9.6,5.0,0.32,0.32,0.11467889908256881,0.3347229357798165
Ingrid Barranco,Kanon Herrero,8.0,9.6,4.0,0.32,0.32,0.09174311926605505,0.3292183486238532
Bertrand Ovan,Varja Lagos,6.0,7.199999999999999,17.200000000000003,0.24,0.23999999999999996,0.3944954128440368,0.3250788990825688
Hennie Osvaldo,Nils Calixto,8.0,9.6,3.0,0.32,0.32,0.06880733944954129,0.32371376146788994
Bertrand Ovan,Kanon Herrero,5.0,6.0,23.0,0.2,0.2,0.5275229357798166,0.31860550458715603
Elsa Orilla,Isia Vann,8.0,9.6,1.0,0.32,0.32,0.022935779816513763,0.3127045871559633
Axel Calzas,Ingrid Barranco,8.0,9.6,1.0,0.32,0.32,0.022935779816513763,0.3127045871559633
Isak Baza,Stenig Fusil,8.0,9.6,1.0,0.32,0.32,0.022935779816513763,0.3127045871559633
Isak Baza,Lidelse Dedos,6.0,7.199999999999999,14.0,0.24,0.23999999999999996,0.3211009174311927,0.30746422018348624
Birgitta Frente,Minke Mies,8.0,9.6,0.0,0.32,0.32,0.0,0.3072
Ada Campo-Corrente,Nils Calixto,8.0,9.6,0.0,0.32,0.32,0.0,0.3072
Bertrand Ovan,Orhan Strum,8.0,9.6,0.0,0.32,0.32,0.0,0.3072
Birgitta Frente,Inga Ferro,8.0,9.6,0.0,0.32,0.32,0.0,0.3072
Birgitta Frente,Felix Resumir,6.0,7.199999999999999,10.0,0.24,0.23999999999999996,0.22935779816513763,0.285445871559633
Edvard Vann,Isak Baza,6.0,7.199999999999999,10.0,0.24,0.23999999999999996,0.22935779816513763,0.285445871559633
Ada Campo-Corrente,Orhan Strum,11.0,13.2,0.0,0.44,0.43999999999999995,0.0,0.2816
Ingrid Barranco,Vira Frente,7.0,8.4,2.0,0.28,0.28,0.045871559633027525,0.27980917431192665
Varja Lagos,Vira Frente,7.0,8.4,2.0,0.28,0.28,0.045871559633027525,0.27980917431192665
Adra Nubarron,Isia Vann,10.0,12.0,5.4,0.4,0.4,0.12385321100917433,0.275816513761468
Felix Resumir,Lucas Alcazar,6.0,7.199999999999999,8.0,0.24,0.23999999999999996,0.1834862385321101,0.2744366972477064
Felix Balas,Ingrid Barranco,7.0,8.4,1.0,0.28,0.28,0.022935779816513763,0.27430458715596334
Adra Nubarron,Marin Onda,7.0,8.4,1.0,0.28,0.28,0.022935779816513763,0.27430458715596334
Felix Resumir,Hennie Osvaldo,6.0,7.199999999999999,32.400000000000006,0.24,0.23999999999999996,0.7431192660550461,0.27249908256880734
Birgitta Frente,Linnea Bergen,6.0,7.199999999999999,7.0,0.24,0.23999999999999996,0.16055045871559634,0.2689321100917431
Kanon Herrero,Linnea Bergen,4.0,4.8,19.0,0.16,0.16,0.4357798165137615,0.2581871559633028
Isak Baza,Kanon Herrero,5.0,6.0,12.0,0.2,0.2,0.27522935779816515,0.25805504587155964
Felix Resumir,Ingrid Barranco,6.0,7.199999999999999,3.0,0.24,0.23999999999999996,0.06880733944954129,0.2469137614678899
Marin Onda,Minke Mies,6.0,7.199999999999999,3.0,0.24,0.23999999999999996,0.06880733944954129,0.2469137614678899
Axel Calzas,Isak Baza,6.0,7.199999999999999,3.0,0.24,0.23999999999999996,0.06880733944954129,0.2469137614678899
Bertrand Ovan,Linnea Bergen,2.0,2.4,30.000000000000004,0.08,0.08,0.6880733944954129,0.24193761467889913
Felix Balas,Stenig Fusil,6.0,7.199999999999999,2.0,0.24,0.23999999999999996,0.045871559633027525,0.2414091743119266
Lidelse Dedos,Linnea Bergen,6.0,7.199999999999999,2.0,0.24,0.23999999999999996,0.045871559633027525,0.2414091743119266
Felix Resumir,Varja Lagos,3.0,3.5999999999999996,43.599999999999994,0.12,0.11999999999999998,0.9999999999999999,0.2368
Lidelse Dedos,Nils Calixto,5.0,6.0,8.0,0.2,0.2,0.1834862385321101,0.23603669724770646
Isak Baza,Minke Mies,6.0,7.199999999999999,1.0,0.24,0.23999999999999996,0.022935779816513763,0.2359045871559633
Axel Calzas,Inga Ferro,6.0,7.199999999999999,1.0,0.24,0.23999999999999996,0.022935779816513763,0.2359045871559633
Felix Balas,Isak Baza,6.0,7.199999999999999,1.0,0.24,0.23999999999999996,0.022935779816513763,0.2359045871559633
Axel Calzas,Sven Flecha,6.0,7.199999999999999,1.0,0.24,0.23999999999999996,0.022935779816513763,0.2359045871559633
Isia Vann,Linnea Bergen,5.0,6.0,7.3999999999999995,0.2,0.2,0.16972477064220184,0.23273394495412847
Hennie Osvaldo,Isia Vann,8.0,9.6,7.2,0.32,0.32,0.1651376146788991,0.23122201834862388
Sven Flecha,Vira Frente,6.0,7.199999999999999,0.0,0.24,0.23999999999999996,0.0,0.2304
Inga Ferro,Ingrid Barranco,6.0,7.199999999999999,0.0,0.24,0.23999999999999996,0.0,0.2304
Felix Resumir,Isande Borrasca,6.0,7.199999999999999,0.0,0.24,0.23999999999999996,0.0,0.2304
Bertrand Ovan,Isande Borrasca,6.0,7.199999999999999,0.0,0.24,0.23999999999999996,0.0,0.2304
Ada Campo-Corrente,Isande Borrasca,6.0,7.199999999999999,0.0,0.24,0.23999999999999996,0.0,0.2304
Ada Campo-Corrente,Kanon Herrero,6.0,7.199999999999999,0.0,0.24,0.23999999999999996,0.0,0.2304
Adra Nubarron,Birgitta Frente,6.0,7.199999999999999,0.0,0.24,0.23999999999999996,0.0,0.2304
Elsa Orilla,Orhan Strum,6.0,7.199999999999999,0.0,0.24,0.23999999999999996,0.0,0.2304
Ingrid Barranco,Isande Borrasca,6.0,7.199999999999999,0.0,0.24,0.23999999999999996,0.0,0.2304
Ada Campo-Corrente,Stenig Fusil,6.0,7.199999999999999,0.0,0.24,0.23999999999999996,0.0,0.2304
Ada Campo-Corrente,Marin Onda,6.0,7.199999999999999,0.0,0.24,0.23999999999999996,0.0,0.2304
Ada Campo-Corrente,Elsa Orilla,6.0,7.199999999999999,0.0,0.24,0.23999999999999996,0.0,0.2304
Hideki Cocinaro,Kanon Herrero,6.0,7.199999999999999,0.0,0.24,0.23999999999999996,0.0,0.2304
Hideki Cocinaro,Ingrid Barranco,6.0,7.199999999999999,0.0,0.24,0.23999999999999996,0.0,0.2304
Hennie Osvaldo,Vira Frente,6.0,7.199999999999999,0.0,0.24,0.23999999999999996,0.0,0.2304
Adra Nubarron,Inga Ferro,7.0,8.4,13.600000000000003,0.28,0.28,0.31192660550458723,0.229108256880734
Hennie Osvaldo,Sven Flecha,2.0,2.4,27.200000000000003,0.08,0.08,0.6238532110091745,0.22652477064220186
Isia Vann,Kanon Herrero,5.0,6.0,6.0,0.2,0.2,0.13761467889908258,0.22502752293577985
Edvard Vann,Elsa Orilla,5.0,6.0,6.0,0.2,0.2,0.13761467889908258,0.22502752293577985
Felix Resumir,Loreto Bodrogi,6.0,7.199999999999999,19.400000000000002,0.24,0.23999999999999996,0.444954128440367,0.22479266055045877
Stenig Fusil,Varja Lagos,6.0,7.199999999999999,19.000000000000004,0.24,0.23999999999999996,0.4357798165137616,0.22332477064220188
Adra Nubarron,Sven Flecha,4.0,4.8,12.600000000000001,0.16,0.16,0.28899082568807344,0.2229577981651376
Ingrid Barranco,Varja Lagos,5.0,6.0,5.0,0.2,0.2,0.11467889908256881,0.21952293577981655
Edvard Vann,Vira Frente,5.0,6.0,5.0,0.2,0.2,0.11467889908256881,0.21952293577981655
Isak Baza,Lucas Alcazar,8.0,9.6,4.0,0.32,0.32,0.09174311926605505,0.21947889908256882
Felix Resumir,Linnea Bergen,2.0,2.4,25.6,0.08,0.08,0.5871559633027523,0.21771743119266054
Bertrand Ovan,Inga Ferro,4.0,4.8,11.0,0.16,0.16,0.2522935779816514,0.21415045871559632
Bertrand Ovan,Isak Baza,4.0,4.8,11.0,0.16,0.16,0.2522935779816514,0.21415045871559632
Kanon Herrero,Lucas Alcazar,5.0,6.0,4.0,0.2,0.2,0.09174311926605505,0.21401834862385324
Felix Resumir,Kare Orilla,5.0,6.0,4.0,0.2,0.2,0.09174311926605505,0.21401834862385324
Edvard Vann,Ingrid Barranco,4.0,4.8,10.0,0.16,0.16,0.22935779816513763,0.20864587155963302
Orhan Strum,Varja Lagos,5.0,6.0,3.0,0.2,0.2,0.06880733944954129,0.20851376146788994
Marin Onda,Nils Calixto,5.0,6.0,3.0,0.2,0.2,0.06880733944954129,0.20851376146788994
Adra Nubarron,Hennie Osvaldo,6.0,7.199999999999999,14.400000000000002,0.24,0.23999999999999996,0.33027522935779824,0.20644403669724773
Isak Baza,Nils Calixto,6.0,7.199999999999999,14.0,0.24,0.23999999999999996,0.3211009174311927,0.20497614678899084
Stenig Fusil,Sven Flecha,4.0,4.8,9.2,0.16,0.16,0.2110091743119266,0.20424220183486239
Nils Calixto,Orhan Strum,5.0,6.0,2.0,0.2,0.2,0.045871559633027525,0.20300917431192664
Brand Tempestad,Inga Ferro,4.0,4.8,8.2,0.16,0.16,0.18807339449541283,0.19873761467889908
Edvard Vann,Sven Flecha,4.0,4.8,8.2,0.16,0.16,0.18807339449541283,0.19873761467889908
Felix Resumir,Isak Baza,4.0,4.8,8.0,0.16,0.16,0.1834862385321101,0.1976366972477064
Bertrand Ovan,Nils Calixto,5.0,6.0,1.0,0.2,0.2,0.022935779816513763,0.19750458715596333
Edvard Vann,Marin Onda,5.0,6.0,1.0,0.2,0.2,0.022935779816513763,0.19750458715596333
Hideki Cocinaro,Lars Azada,5.0,6.0,1.0,0.2,0.2,0.022935779816513763,0.19750458715596333
Felix Resumir,Inga Ferro,5.0,6.0,18.400000000000002,0.2,0.2,0.4220183486238533,0.19552293577981655
Bertrand Ovan,Lucas Alcazar,4.0,4.8,7.0,0.16,0.16,0.16055045871559634,0.1921321100917431
Edvard Vann,Felix Balas,4.0,4.8,7.0,0.16,0.16,0.16055045871559634,0.1921321100917431
Linnea Bergen,Vira Frente,5.0,6.0,0.0,0.2,0.2,0.0,0.19200000000000003
Minke Mies,Vira Frente,5.0,6.0,0.0,0.2,0.2,0.0,0.19200000000000003
Gustav Cazar,Varja Lagos,5.0,6.0,0.0,0.2,0.2,0.0,0.19200000000000003
Birgitta Frente,Ingrid Barranco,5.0,6.0,0.0,0.2,0.2,0.0,0.19200000000000003
Nils Calixto,Varja Lagos,5.0,6.0,0.0,0.2,0.2,0.0,0.19200000000000003
Ada Campo-Corrente,Edvard Vann,5.0,6.0,0.0,0.2,0.2,0.0,0.19200000000000003
Felix Resumir,Orhan Strum,5.0,6.0,0.0,0.2,0.2,0.0,0.19200000000000003
Ada Campo-Corrente,Birgitta Frente,5.0,6.0,0.0,0.2,0.2,0.0,0.19200000000000003
Ada Campo-Corrente,Bertrand Ovan,5.0,6.0,0.0,0.2,0.2,0.0,0.19200000000000003
Bertrand Ovan,Ingrid Barranco,5.0,6.0,0.0,0.2,0.2,0.0,0.19200000000000003
Ada Campo-Corrente,Gustav Cazar,5.0,6.0,0.0,0.2,0.2,0.0,0.19200000000000003
Adra Nubarron,Kare Orilla,5.0,6.0,0.0,0.2,0.2,0.0,0.19200000000000003
Ada Campo-Corrente,Isia Vann,5.0,6.0,0.0,0.2,0.2,0.0,0.19200000000000003
Adra Nubarron,Lucas Alcazar,5.0,6.0,0.0,0.2,0.2,0.0,0.19200000000000003
Ada Campo-Corrente,Sven Flecha,5.0,6.0,0.0,0.2,0.2,0.0,0.19200000000000003
Brand Tempestad,Elsa Orilla,7.0,8.4,3.0,0.28,0.28,0.06880733944954129,0.19020917431192663
Brand Tempestad,Isia Vann,4.0,4.8,6.4,0.16,0.16,0.14678899082568808,0.18882935779816515
Hideki Cocinaro,Isak Baza,4.0,4.8,6.0,0.16,0.16,0.13761467889908258,0.1866275229357798
Kare Orilla,Sven Flecha,4.0,4.8,6.0,0.16,0.16,0.13761467889908258,0.1866275229357798
Hennie Osvaldo,Inga Ferro,5.0,6.0,15.400000000000004,0.2,0.2,0.35321100917431203,0.18451376146788998
Isia Vann,Loreto Bodrogi,6.0,7.199999999999999,8.4,0.24,0.23999999999999996,0.1926605504587156,0.18442568807339452
Brand Tempestad,Linnea Bergen,4.0,4.8,5.4,0.16,0.16,0.12385321100917433,0.18332477064220185
Ingrid Barranco,Orhan Strum,7.0,8.4,1.0,0.28,0.28,0.022935779816513763,0.18286972477064223
Hennie Osvaldo,Isak Baza,3.0,3.5999999999999996,12.0,0.12,0.11999999999999998,0.27522935779816515,0.18125504587155963
Isak Baza,Marin Onda,4.0,4.8,5.0,0.16,0.16,0.11467889908256881,0.1811229357798165
Axel Calzas,Linnea Bergen,4.0,4.8,5.0,0.16,0.16,0.11467889908256881,0.1811229357798165
Elsa Orilla,Kare Orilla,7.0,8.4,0.0,0.28,0.28,0.0,0.17920000000000003
Elsa Orilla,Lidelse Dedos,7.0,8.4,0.0,0.28,0.28,0.0,0.17920000000000003
Loreto Bodrogi,Varja Lagos,4.0,4.8,20.000000000000004,0.16,0.16,0.4587155963302753,0.17579449541284406
Bertrand Ovan,Birgitta Frente,4.0,4.8,4.0,0.16,0.16,0.09174311926605505,0.1756183486238532
Bertrand Ovan,Marin Onda,4.0,4.8,4.0,0.16,0.16,0.09174311926605505,0.1756183486238532
Isia Vann,Vira Frente,4.0,4.8,4.0,0.16,0.16,0.09174311926605505,0.1756183486238532
Kare Orilla,Lucas Alcazar,4.0,4.8,4.0,0.16,0.16,0.09174311926605505,0.1756183486238532
Bertrand Ovan,Stenig Fusil,3.0,3.5999999999999996,10.2,0.12,0.11999999999999998,0.23394495412844035,0.1713467889908257
Felix Resumir,Lars Azada,4.0,4.8,3.0,0.16,0.16,0.06880733944954129,0.1701137614678899
Lucas Alcazar,Varja Lagos,4.0,4.8,3.0,0.16,0.16,0.06880733944954129,0.1701137614678899
Inga Ferro,Nils Calixto,4.0,4.8,3.0,0.16,0.16,0.06880733944954129,0.1701137614678899
Elsa Orilla,Linnea Bergen,4.0,4.8,3.0,0.16,0.16,0.06880733944954129,0.1701137614678899
Isia Vann,Orhan Strum,4.0,4.8,3.0,0.16,0.16,0.06880733944954129,0.1701137614678899
Brand Tempestad,Ingrid Barranco,4.0,4.8,3.0,0.16,0.16,0.06880733944954129,0.1701137614678899
Adra Nubarron,Felix Resumir,4.0,4.8,18.400000000000002,0.16,0.16,0.4220183486238533,0.16992293577981654
Sten Sanjorge Jr.,Varja Lagos,4.0,4.8,2.0,0.16,0.16,0.045871559633027525,0.1646091743119266
Isia Vann,Marin Onda,4.0,4.8,2.0,0.16,0.16,0.045871559633027525,0.1646091743119266
Birgitta Frente,Loreto Bodrogi,4.0,4.8,2.0,0.16,0.16,0.045871559633027525,0.1646091743119266
Kanon Herrero,Orhan Strum,4.0,4.8,2.0,0.16,0.16,0.045871559633027525,0.1646091743119266
Kanon Herrero,Minke Mies,4.0,4.8,2.0,0.16,0.16,0.045871559633027525,0.1646091743119266
Inga Ferro,Lars Azada,4.0,4.8,2.0,0.16,0.16,0.045871559633027525,0.1646091743119266
Axel Calzas,Felix Resumir,4.0,4.8,2.0,0.16,0.16,0.045871559633027525,0.1646091743119266
Axel Calzas,Lucas Alcazar,4.0,4.8,2.0,0.16,0.16,0.045871559633027525,0.1646091743119266
Isia Vann,Lars Azada,4.0,4.8,1.0,0.16,0.16,0.022935779816513763,0.1591045871559633
Lidelse Dedos,Orhan Strum,4.0,4.8,1.0,0.16,0.16,0.022935779816513763,0.1591045871559633
Axel Calzas,Nils Calixto,4.0,4.8,1.0,0.16,0.16,0.022935779816513763,0.1591045871559633
Lars Azada,Stenig Fusil,4.0,4.8,1.0,0.16,0.16,0.022935779816513763,0.1591045871559633
Bertrand Ovan,Felix Balas,4.0,4.8,1.0,0.16,0.16,0.022935779816513763,0.1591045871559633
Nils Calixto,Stenig Fusil,4.0,4.8,1.0,0.16,0.16,0.022935779816513763,0.1591045871559633
Lars Azada,Sven Flecha,4.0,4.8,1.0,0.16,0.16,0.022935779816513763,0.1591045871559633
Edvard Vann,Kanon Herrero,4.0,4.8,1.0,0.16,0.16,0.022935779816513763,0.1591045871559633
Bertrand Ovan,Vira Frente,4.0,4.8,1.0,0.16,0.16,0.022935779816513763,0.1591045871559633
Ingrid Barranco,Stenig Fusil,4.0,4.8,1.0,0.16,0.16,0.022935779816513763,0.1591045871559633
Felix Resumir,Vira Frente,4.0,4.8,1.0,0.16,0.16,0.022935779816513763,0.1591045871559633
Gustav Cazar,Nils Calixto,4.0,4.8,1.0,0.16,0.16,0.022935779816513763,0.1591045871559633
Ingrid Barranco,Loreto Bodrogi,4.0,4.8,1.0,0.16,0.16,0.022935779816513763,0.1591045871559633
Ingrid Barranco,Isak Baza,4.0,4.8,1.0,0.16,0.16,0.022935779816513763,0.1591045871559633
Felix Resumir,Hideki Cocinaro,5.0,6.0,8.0,0.2,0.2,0.1834862385321101,0.15735779816513765
Felix Resumir,Sven Flecha,2.0,2.4,14.600000000000001,0.08,0.08,0.33486238532110096,0.15716697247706427
Ada Campo-Corrente,Felix Balas,4.0,4.8,0.0,0.16,0.16,0.0,0.1536
Hideki Cocinaro,Vira Frente,4.0,4.8,0.0,0.16,0.16,0.0,0.1536
Ada Campo-Corrente,Vira Frente,4.0,4.8,0.0,0.16,0.16,0.0,0.1536
Elsa Orilla,Varja Lagos,4.0,4.8,0.0,0.16,0.16,0.0,0.1536
Kanon Herrero,Nils Calixto,4.0,4.8,0.0,0.16,0.16,0.0,0.1536
Isia Vann,Nils Calixto,4.0,4.8,0.0,0.16,0.16,0.0,0.1536
Isande Borrasca,Varja Lagos,4.0,4.8,0.0,0.16,0.16,0.0,0.1536
Isak Baza,Isande Borrasca,4.0,4.8,0.0,0.16,0.16,0.0,0.1536
Ada Campo-Corrente,Kare Orilla,4.0,4.8,0.0,0.16,0.16,0.0,0.1536
Ada Campo-Corrente,Adra Nubarron,4.0,4.8,0.0,0.16,0.16,0.0,0.1536
Axel Calzas,Loreto Bodrogi,4.0,4.8,0.0,0.16,0.16,0.0,0.1536
Brand Tempestad,Orhan Strum,4.0,4.8,0.0,0.16,0.16,0.0,0.1536
Adra Nubarron,Vira Frente,4.0,4.8,0.0,0.16,0.16,0.0,0.1536
Adra Nubarron,Nils Calixto,4.0,4.8,0.0,0.16,0.16,0.0,0.1536
Adra Nubarron,Ingrid Barranco,4.0,4.8,0.0,0.16,0.16,0.0,0.1536
Loreto Bodrogi,Sven Flecha,2.0,2.4,12.8,0.08,0.08,0.29357798165137616,0.14725871559633028
Inga Ferro,Isia Vann,4.0,4.8,12.2,0.16,0.16,0.2798165137614679,0.14717064220183487
Hennie Osvaldo,Minke Mies,4.0,4.8,12.0,0.16,0.16,0.27522935779816515,0.14643669724770644
Gustav Cazar,Vira Frente,5.0,6.0,5.0,0.2,0.2,0.11467889908256881,0.14634862385321104
Linnea Bergen,Varja Lagos,2.0,2.4,12.0,0.08,0.08,0.27522935779816515,0.14285504587155964
Inga Ferro,Marin Onda,3.0,3.5999999999999996,5.0,0.12,0.11999999999999998,0.11467889908256881,0.1427229357798165
Minke Mies,Sven Flecha,2.0,2.4,11.8,0.08,0.08,0.27064220183486243,0.14175412844036697
Axel Calzas,Felix Balas,4.0,4.8,10.0,0.16,0.16,0.22935779816513763,0.13909724770642204
Edvard Vann,Varja Lagos,2.0,2.4,23.800000000000004,0.08,0.08,0.5458715596330277,0.13853944954128444
Brand Tempestad,Edvard Vann,2.0,2.4,11.200000000000001,0.08,0.08,0.25688073394495414,0.13845137614678898
Brand Tempestad,Felix Resumir,2.0,2.4,11.0,0.08,0.08,0.2522935779816514,0.13735045871559634
Isak Baza,Kare Orilla,2.0,2.4,11.0,0.08,0.08,0.2522935779816514,0.13735045871559634
Felix Resumir,Lidelse Dedos,2.0,2.4,11.0,0.08,0.08,0.2522935779816514,0.13735045871559634
Linnea Bergen,Orhan Strum,3.0,3.5999999999999996,4.0,0.12,0.11999999999999998,0.09174311926605505,0.1372183486238532
Adra Nubarron,Linnea Bergen,2.0,2.4,10.8,0.08,0.08,0.24770642201834867,0.13624954128440367
Inga Ferro,Varja Lagos,2.0,2.4,23.000000000000004,0.08,0.08,0.5275229357798166,0.13560366972477067
Hideki Cocinaro,Loreto Bodrogi,5.0,6.0,2.0,0.2,0.2,0.045871559633027525,0.13533944954128443
Adra Nubarron,Varja Lagos,2.0,2.4,22.600000000000005,0.08,0.08,0.5183486238532111,0.13413577981651378
Bertrand Ovan,Isia Vann,2.0,2.4,10.2,0.08,0.08,0.23394495412844035,0.13294678899082568
Bertrand Ovan,Edvard Vann,2.0,2.4,10.000000000000002,0.08,0.08,0.22935779816513766,0.13184587155963304
Axel Calzas,Vira Frente,4.0,4.8,8.0,0.16,0.16,0.1834862385321101,0.13175779816513764
Isak Baza,Linnea Bergen,4.0,4.8,8.0,0.16,0.16,0.1834862385321101,0.13175779816513764
Lars Azada,Loreto Bodrogi,3.0,3.5999999999999996,3.0,0.12,0.11999999999999998,0.06880733944954129,0.1317137614678899
Inga Ferro,Loreto Bodrogi,3.0,3.5999999999999996,14.8,0.12,0.11999999999999998,0.3394495412844037,0.1311119266055046
Hideki Cocinaro,Inga Ferro,5.0,6.0,0.0,0.2,0.2,0.0,0.12800000000000003
Bertrand Ovan,Loreto Bodrogi,2.0,2.4,9.2,0.08,0.08,0.2110091743119266,0.12744220183486238
Inga Ferro,Linnea Bergen,2.0,2.4,9.0,0.08,0.08,0.20642201834862386,0.12634128440366973
Hennie Osvaldo,Orhan Strum,3.0,3.5999999999999996,2.0,0.12,0.11999999999999998,0.045871559633027525,0.1262091743119266
Lidelse Dedos,Varja Lagos,3.0,3.5999999999999996,2.0,0.12,0.11999999999999998,0.045871559633027525,0.1262091743119266
Kanon Herrero,Kare Orilla,4.0,4.8,6.0,0.16,0.16,0.13761467889908258,0.12441834862385322
Kanon Herrero,Vira Frente,4.0,4.8,6.0,0.16,0.16,0.13761467889908258,0.12441834862385322
Linnea Bergen,Stenig Fusil,2.0,2.4,8.399999999999999,0.08,0.08,0.19266055045871558,0.12303853211009175
Bertrand Ovan,Lidelse Dedos,2.0,2.4,8.0,0.08,0.08,0.1834862385321101,0.12083669724770642
Bertrand Ovan,Gustav Cazar,3.0,3.5999999999999996,1.0,0.12,0.11999999999999998,0.022935779816513763,0.1207045871559633
Marin Onda,Orhan Strum,3.0,3.5999999999999996,1.0,0.12,0.11999999999999998,0.022935779816513763,0.1207045871559633
Kanon Herrero,Sten Sanjorge Jr.,3.0,3.5999999999999996,1.0,0.12,0.11999999999999998,0.022935779816513763,0.1207045871559633
Hideki Cocinaro,Sven Flecha,3.0,3.5999999999999996,1.0,0.12,0.11999999999999998,0.022935779816513763,0.1207045871559633
Isia Vann,Kare Orilla,3.0,3.5999999999999996,1.0,0.12,0.11999999999999998,0.022935779816513763,0.1207045871559633
Bertrand Ovan,Sven Flecha,0.0,0.0,21.8,0.0,0.0,0.5,0.12
Edvard Vann,Linnea Bergen,2.0,2.4,7.6,0.08,0.08,0.1743119266055046,0.1186348623853211
Brand Tempestad,Minke Mies,2.0,2.4,7.3999999999999995,0.08,0.08,0.16972477064220184,0.11753394495412844
Linnea Bergen,Loreto Bodrogi,2.0,2.4,7.3999999999999995,0.08,0.08,0.16972477064220184,0.11753394495412844
Lucas Alcazar,Sven Flecha,4.0,4.8,4.0,0.16,0.16,0.09174311926605505,0.11707889908256881
Brand Tempestad,Stenig Fusil,2.0,2.4,7.2,0.08,0.08,0.1651376146788991,0.11643302752293577
Hennie Osvaldo,Kanon Herrero,2.0,2.4,7.0,0.08,0.08,0.16055045871559634,0.11533211009174311
Kare Orilla,Nils Calixto,2.0,2.4,7.0,0.08,0.08,0.16055045871559634,0.11533211009174311
Ada Campo-Corrente,Linnea Bergen,3.0,3.5999999999999996,0.0,0.12,0.11999999999999998,0.0,0.1152
Elsa Orilla,Inga Ferro,3.0,3.5999999999999996,0.0,0.12,0.11999999999999998,0.0,0.1152
Ingrid Barranco,Linnea Bergen,3.0,3.5999999999999996,0.0,0.12,0.11999999999999998,0.0,0.1152
Gustav Cazar,Sven Flecha,3.0,3.5999999999999996,0.0,0.12,0.11999999999999998,0.0,0.1152
Elsa Orilla,Nils Calixto,3.0,3.5999999999999996,0.0,0.12,0.11999999999999998,0.0,0.1152
Adra Nubarron,Kanon Herrero,3.0,3.5999999999999996,0.0,0.12,0.11999999999999998,0.0,0.1152
Edvard Vann,Stenig Fusil,3.0,3.5999999999999996,10.2,0.12,0.11999999999999998,0.23394495412844035,0.11423119266055047
Elsa Orilla,Marin Onda,4.0,4.8,3.0,0.16,0.16,0.06880733944954129,0.11340917431192661
Minke Mies,Varja Lagos,2.0,2.4,16.6,0.08,0.08,0.3807339449541285,0.11211743119266059
Isia Vann,Varja Lagos,2.0,2.4,16.6,0.08,0.08,0.3807339449541285,0.11211743119266059
Hennie Osvaldo,Marin Onda,2.0,2.4,6.0,0.08,0.08,0.13761467889908258,0.10982752293577981
Kare Orilla,Linnea Bergen,2.0,2.4,6.0,0.08,0.08,0.13761467889908258,0.10982752293577981
Lidelse Dedos,Sven Flecha,2.0,2.4,6.0,0.08,0.08,0.13761467889908258,0.10982752293577981
Birgitta Frente,Lucas Alcazar,2.0,2.4,6.0,0.08,0.08,0.13761467889908258,0.10982752293577981
Brand Tempestad,Kanon Herrero,4.0,4.8,2.0,0.16,0.16,0.045871559633027525,0.10973944954128441
Felix Resumir,Stenig Fusil,2.0,2.4,15.8,0.08,0.08,0.3623853211009175,0.10918165137614683
Hennie Osvaldo,Linnea Bergen,0.0,0.0,19.6,0.0,0.0,0.4495412844036698,0.10788990825688076
Isia Vann,Sven Flecha,2.0,2.4,5.6,0.08,0.08,0.12844036697247707,0.1076256880733945
Hideki Cocinaro,Minke Mies,4.0,4.8,1.0,0.16,0.16,0.022935779816513763,0.10606972477064221
Nils Calixto,Sven Flecha,4.0,4.8,1.0,0.16,0.16,0.022935779816513763,0.10606972477064221
Birgitta Frente,Vira Frente,4.0,4.8,1.0,0.16,0.16,0.022935779816513763,0.10606972477064221
Birgitta Frente,Elsa Orilla,4.0,4.8,1.0,0.16,0.16,0.022935779816513763,0.10606972477064221
Brand Tempestad,Marin Onda,4.0,4.8,1.0,0.16,0.16,0.022935779816513763,0.10606972477064221
Elsa Orilla,Vira Frente,4.0,4.8,1.0,0.16,0.16,0.022935779816513763,0.10606972477064221
Lidelse Dedos,Vira Frente,4.0,4.8,1.0,0.16,0.16,0.022935779816513763,0.10606972477064221
Felix Resumir,Minke Mies,2.0,2.4,14.8,0.08,0.08,0.3394495412844037,0.1055119266055046
Hideki Cocinaro,Lucas Alcazar,2.0,2.4,5.0,0.08,0.08,0.11467889908256881,0.10432293577981651
Isak Baza,Isia Vann,2.0,2.4,5.0,0.08,0.08,0.11467889908256881,0.10432293577981651
Felix Resumir,Nils Calixto,2.0,2.4,5.0,0.08,0.08,0.11467889908256881,0.10432293577981651
Isak Baza,Lars Azada,2.0,2.4,5.0,0.08,0.08,0.11467889908256881,0.10432293577981651
Lidelse Dedos,Lucas Alcazar,2.0,2.4,5.0,0.08,0.08,0.11467889908256881,0.10432293577981651
Axel Calzas,Edvard Vann,2.0,2.4,5.0,0.08,0.08,0.11467889908256881,0.10432293577981651
Edvard Vann,Nils Calixto,2.0,2.4,5.0,0.08,0.08,0.11467889908256881,0.10432293577981651
Hideki Cocinaro,Nils Calixto,2.0,2.4,5.0,0.08,0.08,0.11467889908256881,0.10432293577981651
Edvard Vann,Lars Azada,2.0,2.4,5.0,0.08,0.08,0.11467889908256881,0.10432293577981651
Isande Borrasca,Lidelse Dedos,4.0,4.8,0.0,0.16,0.16,0.0,0.1024
Kare Orilla,Vira Frente,4.0,4.8,0.0,0.16,0.16,0.0,0.1024
Felix Balas,Isande Borrasca,4.0,4.8,0.0,0.16,0.16,0.0,0.1024
Adra Nubarron,Hideki Cocinaro,4.0,4.8,0.0,0.16,0.16,0.0,0.1024
Birgitta Frente,Isande Borrasca,4.0,4.8,0.0,0.16,0.16,0.0,0.1024
Brand Tempestad,Lidelse Dedos,4.0,4.8,0.0,0.16,0.16,0.0,0.1024
Linnea Bergen,Sven Flecha,2.0,2.4,13.8,0.08,0.08,0.31651376146788995,0.10184220183486242
Felix Resumir,Isia Vann,3.0,3.5999999999999996,6.3999999999999995,0.12,0.11999999999999998,0.14678899082568808,0.1002862385321101
Edvard Vann,Inga Ferro,2.0,2.4,13.200000000000001,0.08,0.08,0.30275229357798167,0.09964036697247708
Edvard Vann,Hennie Osvaldo,2.0,2.4,13.200000000000001,0.08,0.08,0.30275229357798167,0.09964036697247708
Birgitta Frente,Marin Onda,3.0,3.5999999999999996,6.0,0.12,0.11999999999999998,0.13761467889908258,0.09881834862385322
Elsa Orilla,Isak Baza,2.0,2.4,4.0,0.08,0.08,0.09174311926605505,0.0988183486238532
Edvard Vann,Orhan Strum,2.0,2.4,4.0,0.08,0.08,0.09174311926605505,0.0988183486238532
Hideki Cocinaro,Kare Orilla,2.0,2.4,4.0,0.08,0.08,0.09174311926605505,0.0988183486238532
Hennie Osvaldo,Lucas Alcazar,2.0,2.4,4.0,0.08,0.08,0.09174311926605505,0.0988183486238532
Isia Vann,Minke Mies,3.0,3.5999999999999996,5.8,0.12,0.11999999999999998,0.13302752293577982,0.09808440366972478
Hennie Osvaldo,Varja Lagos,0.0,0.0,26.400000000000006,0.0,0.0,0.6055045871559634,0.09688073394495417
Brand Tempestad,Varja Lagos,0.0,0.0,17.400000000000006,0.0,0.0,0.3990825688073396,0.09577981651376151
Hennie Osvaldo,Stenig Fusil,2.0,2.4,11.800000000000002,0.08,0.08,0.2706422018348625,0.09450275229357802
Bertrand Ovan,Kare Orilla,0.0,0.0,17.0,0.0,0.0,0.38990825688073394,0.09357798165137615
Axel Calzas,Bertrand Ovan,2.0,2.4,3.0,0.08,0.08,0.06880733944954129,0.0933137614678899
Lidelse Dedos,Minke Mies,2.0,2.4,3.0,0.08,0.08,0.06880733944954129,0.0933137614678899
Birgitta Frente,Hideki Cocinaro,2.0,2.4,3.0,0.08,0.08,0.06880733944954129,0.0933137614678899
Hennie Osvaldo,Ingrid Barranco,2.0,2.4,3.0,0.08,0.08,0.06880733944954129,0.0933137614678899
Birgitta Frente,Hennie Osvaldo,2.0,2.4,3.0,0.08,0.08,0.06880733944954129,0.0933137614678899
Inga Ferro,Kare Orilla,2.0,2.4,3.0,0.08,0.08,0.06880733944954129,0.0933137614678899
Inga Ferro,Sven Flecha,0.0,0.0,16.400000000000002,0.0,0.0,0.37614678899082576,0.09027522935779818
Inga Ferro,Stenig Fusil,2.0,2.4,10.0,0.08,0.08,0.22935779816513763,0.08789724770642203
Inga Ferro,Kanon Herrero,2.0,2.4,2.0,0.08,0.08,0.045871559633027525,0.0878091743119266
Felix Balas,Varja Lagos,2.0,2.4,2.0,0.08,0.08,0.045871559633027525,0.0878091743119266
Loreto Bodrogi,Orhan Strum,2.0,2.4,2.0,0.08,0.08,0.045871559633027525,0.0878091743119266
Edvard Vann,Gustav Cazar,2.0,2.4,2.0,0.08,0.08,0.045871559633027525,0.0878091743119266
Kanon Herrero,Stenig Fusil,2.0,2.4,2.0,0.08,0.08,0.045871559633027525,0.0878091743119266
Felix Balas,Nils Calixto,2.0,2.4,2.0,0.08,0.08,0.045871559633027525,0.0878091743119266
Ingrid Barranco,Isia Vann,2.0,2.4,2.0,0.08,0.08,0.045871559633027525,0.0878091743119266
Ingrid Barranco,Lars Azada,2.0,2.4,2.0,0.08,0.08,0.045871559633027525,0.0878091743119266
Isak Baza,Sten Sanjorge Jr.,2.0,2.4,2.0,0.08,0.08,0.045871559633027525,0.0878091743119266
Felix Resumir,Gustav Cazar,2.0,2.4,2.0,0.08,0.08,0.045871559633027525,0.0878091743119266
Loreto Bodrogi,Marin Onda,2.0,2.4,2.0,0.08,0.08,0.045871559633027525,0.0878091743119266
Felix Balas,Inga Ferro,2.0,2.4,2.0,0.08,0.08,0.045871559633027525,0.0878091743119266
Adra Nubarron,Stenig Fusil,2.0,2.4,9.0,0.08,0.08,0.20642201834862386,0.08422752293577983
Inga Ferro,Minke Mies,2.0,2.4,9.0,0.08,0.08,0.20642201834862386,0.08422752293577983
Kanon Herrero,Marin Onda,2.0,2.4,9.0,0.08,0.08,0.20642201834862386,0.08422752293577983
Gustav Cazar,Lars Azada,2.0,2.4,9.0,0.08,0.08,0.20642201834862386,0.08422752293577983
Adra Nubarron,Loreto Bodrogi,2.0,2.4,9.0,0.08,0.08,0.20642201834862386,0.08422752293577983
Felix Balas,Marin Onda,3.0,3.5999999999999996,2.0,0.12,0.11999999999999998,0.045871559633027525,0.08413944954128441
Axel Calzas,Birgitta Frente,3.0,3.5999999999999996,2.0,0.12,0.11999999999999998,0.045871559633027525,0.08413944954128441
Inga Ferro,Orhan Strum,2.0,2.4,1.0,0.08,0.08,0.022935779816513763,0.0823045871559633
Stenig Fusil,Vira Frente,2.0,2.4,1.0,0.08,0.08,0.022935779816513763,0.0823045871559633
Birgitta Frente,Edvard Vann,2.0,2.4,1.0,0.08,0.08,0.022935779816513763,0.0823045871559633
Lucas Alcazar,Stenig Fusil,2.0,2.4,1.0,0.08,0.08,0.022935779816513763,0.0823045871559633
Lucas Alcazar,Minke Mies,2.0,2.4,1.0,0.08,0.08,0.022935779816513763,0.0823045871559633
Kare Orilla,Varja Lagos,2.0,2.4,1.0,0.08,0.08,0.022935779816513763,0.0823045871559633
Marin Onda,Stenig Fusil,2.0,2.4,1.0,0.08,0.08,0.022935779816513763,0.0823045871559633
Marin Onda,Varja Lagos,2.0,2.4,1.0,0.08,0.08,0.022935779816513763,0.0823045871559633
Axel Calzas,Orhan Strum,2.0,2.4,1.0,0.08,0.08,0.022935779816513763,0.0823045871559633
Nils Calixto,Sten Sanjorge Jr.,2.0,2.4,1.0,0.08,0.08,0.022935779816513763,0.0823045871559633
Axel Calzas,Hideki Cocinaro,2.0,2.4,1.0,0.08,0.08,0.022935779816513763,0.0823045871559633
Axel Calzas,Stenig Fusil,2.0,2.4,1.0,0.08,0.08,0.022935779816513763,0.0823045871559633
Birgitta Frente,Isia Vann,2.0,2.4,1.0,0.08,0.08,0.022935779816513763,0.0823045871559633
Gustav Cazar,Linnea Bergen,2.0,2.4,1.0,0.08,0.08,0.022935779816513763,0.0823045871559633
Edvard Vann,Kare Orilla,2.0,2.4,1.0,0.08,0.08,0.022935779816513763,0.0823045871559633
Elsa Orilla,Sven Flecha,2.0,2.4,1.0,0.08,0.08,0.022935779816513763,0.0823045871559633
Felix Balas,Lucas Alcazar,2.0,2.4,1.0,0.08,0.08,0.022935779816513763,0.0823045871559633
Gustav Cazar,Hideki Cocinaro,2.0,2.4,1.0,0.08,0.08,0.022935779816513763,0.0823045871559633
Felix Balas,Sven Flecha,2.0,2.4,1.0,0.08,0.08,0.022935779816513763,0.0823045871559633
Brand Tempestad,Isak Baza,2.0,2.4,1.0,0.08,0.08,0.022935779816513763,0.0823045871559633
Inga Ferro,Lidelse Dedos,2.0,2.4,1.0,0.08,0.08,0.022935779816513763,0.0823045871559633
Gustav Cazar,Ingrid Barranco,2.0,2.4,1.0,0.08,0.08,0.022935779816513763,0.0823045871559633
Axel Calzas,Lars Azada,2.0,2.4,8.0,0.08,0.08,0.1834862385321101,0.08055779816513763
Adra Nubarron,Edvard Vann,2.0,2.4,7.2,0.08,0.08,0.1651376146788991,0.07762201834862387
Lars Azada,Vira Frente,2.0,2.4,7.0,0.08,0.08,0.16055045871559634,0.07688807339449542
Marin Onda,Vira Frente,3.0,3.5999999999999996,0.0,0.12,0.11999999999999998,0.0,0.07680000000000001
Isande Borrasca,Kanon Herrero,3.0,3.5999999999999996,0.0,0.12,0.11999999999999998,0.0,0.07680000000000001
Gustav Cazar,Isande Borrasca,3.0,3.5999999999999996,0.0,0.12,0.11999999999999998,0.0,0.07680000000000001
Ada Campo-Corrente,Hennie Osvaldo,2.0,2.4,0.0,0.08,0.08,0.0,0.0768
Ada Campo-Corrente,Isak Baza,2.0,2.4,0.0,0.08,0.08,0.0,0.0768
Ada Campo-Corrente,Axel Calzas,2.0,2.4,0.0,0.08,0.08,0.0,0.0768
Inga Ferro,Lucas Alcazar,2.0,2.4,0.0,0.08,0.08,0.0,0.0768
Brand Tempestad,Lucas Alcazar,2.0,2.4,0.0,0.08,0.08,0.0,0.0768
Isia Vann,Lucas Alcazar,2.0,2.4,0.0,0.08,0.08,0.0,0.0768
Gustav Cazar,Lucas Alcazar,2.0,2.4,0.0,0.08,0.08,0.0,0.0768
Isia Vann,Lidelse Dedos,2.0,2.4,0.0,0.08,0.08,0.0,0.0768
Gustav Cazar,Orhan Strum,2.0,2.4,0.0,0.08,0.08,0.0,0.0768
Isande Borrasca,Sven Flecha,2.0,2.4,0.0,0.08,0.08,0.0,0.0768
Isande Borrasca,Stenig Fusil,2.0,2.4,0.0,0.08,0.08,0.0,0.0768
Isande Borrasca,Orhan Strum,2.0,2.4,0.0,0.08,0.08,0.0,0.0768
Kare Orilla,Minke Mies,2.0,2.4,0.0,0.08,0.08,0.0,0.0768
Adra Nubarron,Axel Calzas,2.0,2.4,0.0,0.08,0.08,0.0,0.0768
Axel Calzas,Sten Sanjorge Jr.,2.0,2.4,0.0,0.08,0.08,0.0,0.0768
Elsa Orilla,Loreto Bodrogi,2.0,2.4,0.0,0.08,0.08,0.0,0.0768
Edvard Vann,Lucas Alcazar,2.0,2.4,0.0,0.08,0.08,0.0,0.0768
Edvard Vann,Lidelse Dedos,2.0,2.4,0.0,0.08,0.08,0.0,0.0768
Edvard Vann,Sten Sanjorge Jr.,2.0,2.4,0.0,0.08,0.08,0.0,0.0768
Sten Sanjorge Jr.,Vira Frente,2.0,2.4,0.0,0.08,0.08,0.0,0.0768
Adra Nubarron,Orhan Strum,2.0,2.4,0.0,0.08,0.08,0.0,0.0768
Adra Nubarron,Felix Balas,2.0,2.4,0.0,0.08,0.08,0.0,0.0768
Minke Mies,Nils Calixto,2.0,2.4,0.0,0.08,0.08,0.0,0.0768
Elsa Orilla,Lucas Alcazar,2.0,2.4,0.0,0.08,0.08,0.0,0.0768
Brand Tempestad,Nils Calixto,2.0,2.4,0.0,0.08,0.08,0.0,0.0768
Lucas Alcazar,Vira Frente,2.0,2.4,0.0,0.08,0.08,0.0,0.0768
Lucas Alcazar,Sten Sanjorge Jr.,2.0,2.4,0.0,0.08,0.08,0.0,0.0768
Loreto Bodrogi,Vira Frente,2.0,2.4,0.0,0.08,0.08,0.0,0.0768
Loreto Bodrogi,Nils Calixto,2.0,2.4,0.0,0.08,0.08,0.0,0.0768
Felix Balas,Minke Mies,2.0,2.4,0.0,0.08,0.08,0.0,0.0768
Lidelse Dedos,Stenig Fusil,2.0,2.4,0.0,0.08,0.08,0.0,0.0768
Isande Borrasca,Lucas Alcazar,2.0,2.4,0.0,0.08,0.08,0.0,0.0768
Isande Borrasca,Nils Calixto,2.0,2.4,0.0,0.08,0.08,0.0,0.0768
Ada Campo-Corrente,Varja Lagos,2.0,2.4,0.0,0.08,0.08,0.0,0.0768
Adra Nubarron,Sten Sanjorge Jr.,2.0,2.4,0.0,0.08,0.08,0.0,0.0768
Hennie Osvaldo,Isande Borrasca,2.0,2.4,0.0,0.08,0.08,0.0,0.0768
Ada Campo-Corrente,Lars Azada,2.0,2.4,0.0,0.08,0.08,0.0,0.0768
Isande Borrasca,Loreto Bodrogi,2.0,2.4,0.0,0.08,0.08,0.0,0.0768
Birgitta Frente,Stenig Fusil,2.0,2.4,0.0,0.08,0.08,0.0,0.0768
Ingrid Barranco,Nils Calixto,2.0,2.4,0.0,0.08,0.08,0.0,0.0768
Hideki Cocinaro,Linnea Bergen,2.0,2.4,0.0,0.08,0.08,0.0,0.0768
Hennie Osvaldo,Sten Sanjorge Jr.,2.0,2.4,0.0,0.08,0.08,0.0,0.0768
Ingrid Barranco,Lidelse Dedos,2.0,2.4,0.0,0.08,0.08,0.0,0.0768
Adra Nubarron,Isak Baza,2.0,2.4,0.0,0.08,0.08,0.0,0.0768
Ada Campo-Corrente,Minke Mies,2.0,2.4,0.0,0.08,0.08,0.0,0.0768
Ingrid Barranco,Lucas Alcazar,2.0,2.4,0.0,0.08,0.08,0.0,0.0768
Inga Ferro,Isande Borrasca,2.0,2.4,0.0,0.08,0.08,0.0,0.0768
Inga Ferro,Vira Frente,2.0,2.4,0.0,0.08,0.08,0.0,0.0768
Adra Nubarron,Gustav Cazar,2.0,2.4,0.0,0.08,0.08,0.0,0.0768
Loreto Bodrogi,Minke Mies,2.0,2.4,6.4,0.08,0.08,0.14678899082568808,0.0746862385321101
Isak Baza,Sven Flecha,2.0,2.4,6.0,0.08,0.08,0.13761467889908258,0.07321834862385322
Lidelse Dedos,Marin Onda,2.0,2.4,6.0,0.08,0.08,0.13761467889908258,0.07321834862385322
Lucas Alcazar,Nils Calixto,2.0,2.4,6.0,0.08,0.08,0.13761467889908258,0.07321834862385322
Axel Calzas,Kanon Herrero,2.0,2.4,5.0,0.08,0.08,0.11467889908256881,0.06954862385321102
Elsa Orilla,Lars Azada,2.0,2.4,4.0,0.08,0.08,0.09174311926605505,0.06587889908256882
Kanon Herrero,Lidelse Dedos,2.0,2.4,4.0,0.08,0.08,0.09174311926605505,0.06587889908256882
Linnea Bergen,Lucas Alcazar,2.0,2.4,3.0,0.08,0.08,0.06880733944954129,0.06220917431192661
Birgitta Frente,Lars Azada,2.0,2.4,3.0,0.08,0.08,0.06880733944954129,0.06220917431192661
Elsa Orilla,Kanon Herrero,2.0,2.4,3.0,0.08,0.08,0.06880733944954129,0.06220917431192661
Hideki Cocinaro,Varja Lagos,2.0,2.4,3.0,0.08,0.08,0.06880733944954129,0.06220917431192661
Edvard Vann,Felix Resumir,0.0,0.0,16.6,0.0,0.0,0.3807339449541285,0.06091743119266057
Kanon Herrero,Sven Flecha,0.0,0.0,11.0,0.0,0.0,0.2522935779816514,0.06055045871559634
Brand Tempestad,Hennie Osvaldo,0.0,0.0,11.0,0.0,0.0,0.2522935779816514,0.06055045871559634
Isak Baza,Orhan Strum,0.0,0.0,11.0,0.0,0.0,0.2522935779816514,0.06055045871559634
Felix Resumir,Marin Onda,0.0,0.0,10.0,0.0,0.0,0.22935779816513763,0.05504587155963303
Brand Tempestad,Lars Azada,2.0,2.4,1.0,0.08,0.08,0.022935779816513763,0.054869724770642204
Birgitta Frente,Felix Balas,2.0,2.4,1.0,0.08,0.08,0.022935779816513763,0.054869724770642204
Edvard Vann,Hideki Cocinaro,2.0,2.4,1.0,0.08,0.08,0.022935779816513763,0.054869724770642204
Gustav Cazar,Lidelse Dedos,2.0,2.4,1.0,0.08,0.08,0.022935779816513763,0.054869724770642204
Kare Orilla,Lars Azada,2.0,2.4,1.0,0.08,0.08,0.022935779816513763,0.054869724770642204
Hideki Cocinaro,Isia Vann,2.0,2.4,1.0,0.08,0.08,0.022935779816513763,0.054869724770642204
Bertrand Ovan,Minke Mies,0.0,0.0,9.4,0.0,0.0,0.21559633027522937,0.05174311926605505
Ingrid Barranco,Sten Sanjorge Jr.,2.0,2.4,0.0,0.08,0.08,0.0,0.0512
Elsa Orilla,Isande Borrasca,2.0,2.4,0.0,0.08,0.08,0.0,0.0512
Axel Calzas,Isande Borrasca,2.0,2.4,0.0,0.08,0.08,0.0,0.0512
Brand Tempestad,Vira Frente,2.0,2.4,0.0,0.08,0.08,0.0,0.0512
Isande Borrasca,Marin Onda,2.0,2.4,0.0,0.08,0.08,0.0,0.0512
Isande Borrasca,Vira Frente,2.0,2.4,0.0,0.08,0.08,0.0,0.0512
Brand Tempestad,Kare Orilla,2.0,2.4,0.0,0.08,0.08,0.0,0.0512
Linnea Bergen,Minke Mies,0.0,0.0,9.2,0.0,0.0,0.2110091743119266,0.050642201834862385
Hennie Osvaldo,Loreto Bodrogi,0.0,0.0,13.600000000000001,0.0,0.0,0.31192660550458723,0.04990825688073396
Bertrand Ovan,Brand Tempestad,0.0,0.0,9.0,0.0,0.0,0.20642201834862386,0.04954128440366973
Edvard Vann,Isia Vann,0.0,0.0,13.200000000000001,0.0,0.0,0.30275229357798167,0.04844036697247707
Adra Nubarron,Minke Mies,0.0,0.0,12.600000000000001,0.0,0.0,0.28899082568807344,0.046238532110091754
Birgitta Frente,Sven Flecha,0.0,0.0,8.0,0.0,0.0,0.1834862385321101,0.044036697247706424
Felix Resumir,Kanon Herrero,0.0,0.0,8.0,0.0,0.0,0.1834862385321101,0.044036697247706424
Hennie Osvaldo,Lidelse Dedos,0.0,0.0,8.0,0.0,0.0,0.1834862385321101,0.044036697247706424
Hennie Osvaldo,Kare Orilla,0.0,0.0,8.0,0.0,0.0,0.1834862385321101,0.044036697247706424
Linnea Bergen,Marin Onda,0.0,0.0,8.0,0.0,0.0,0.1834862385321101,0.044036697247706424
Isak Baza,Varja Lagos,0.0,0.0,8.0,0.0,0.0,0.1834862385321101,0.044036697247706424
Birgitta Frente,Kanon Herrero,0.0,0.0,11.0,0.0,0.0,0.2522935779816514,0.04036697247706423
Adra Nubarron,Brand Tempestad,0.0,0.0,7.2,0.0,0.0,0.1651376146788991,0.03963302752293578
Marin Onda,Sven Flecha,0.0,0.0,7.0,0.0,0.0,0.16055045871559634,0.03853211009174312
Birgitta Frente,Lidelse Dedos,0.0,0.0,10.0,0.0,0.0,0.22935779816513763,0.03669724770642202
Birgitta Frente,Kare Orilla,0.0,0.0,10.0,0.0,0.0,0.22935779816513763,0.03669724770642202
Brand Tempestad,Loreto Bodrogi,0.0,0.0,6.4,0.0,0.0,0.14678899082568808,0.03522935779816514
Isia Vann,Stenig Fusil,0.0,0.0,9.4,0.0,0.0,0.21559633027522937,0.0344954128440367
Brand Tempestad,Sven Flecha,0.0,0.0,5.4,0.0,0.0,0.12385321100917433,0.029724770642201838
Felix Balas,Lars Azada,0.0,0.0,8.0,0.0,0.0,0.1834862385321101,0.029357798165137616
Kare Orilla,Lidelse Dedos,0.0,0.0,8.0,0.0,0.0,0.1834862385321101,0.029357798165137616
Felix Balas,Vira Frente,0.0,0.0,8.0,0.0,0.0,0.1834862385321101,0.029357798165137616
Edvard Vann,Minke Mies,0.0,0.0,7.4,0.0,0.0,0.16972477064220184,0.027155963302752297
Edvard Vann,Loreto Bodrogi,0.0,0.0,7.2,0.0,0.0,0.1651376146788991,0.026422018348623857
Linnea Bergen,Nils Calixto,0.0,0.0,6.0,0.0,0.0,0.13761467889908258,0.022018348623853212
Axel Calzas,Gustav Cazar,0.0,0.0,6.0,0.0,0.0,0.13761467889908258,0.022018348623853212
Kanon Herrero,Loreto Bodrogi,0.0,0.0,4.0,0.0,0.0,0.09174311926605505,0.022018348623853212
Elsa Orilla,Ingrid Barranco,0.0,0.0,4.0,0.0,0.0,0.09174311926605505,0.022018348623853212
Hideki Cocinaro,Lidelse Dedos,0.0,0.0,4.0,0.0,0.0,0.09174311926605505,0.022018348623853212
Isak Baza,Loreto Bodrogi,0.0,0.0,4.0,0.0,0.0,0.09174311926605505,0.022018348623853212
Lars Azada,Linnea Bergen,0.0,0.0,4.0,0.0,0.0,0.09174311926605505,0.022018348623853212
Minke Mies,Stenig Fusil,0.0,0.0,5.6,0.0,0.0,0.12844036697247707,0.020550458715596333
Loreto Bodrogi,Stenig Fusil,0.0,0.0,5.4,0.0,0.0,0.12385321100917433,0.019816513761467897
Kanon Herrero,Lars Azada,0.0,0.0,5.0,0.0,0.0,0.11467889908256881,0.01834862385321101
Felix Balas,Gustav Cazar,0.0,0.0,5.0,0.0,0.0,0.11467889908256881,0.01834862385321101
Hideki Cocinaro,Marin Onda,0.0,0.0,3.0,0.0,0.0,0.06880733944954129,0.01651376146788991
Lucas Alcazar,Marin Onda,0.0,0.0,3.0,0.0,0.0,0.06880733944954129,0.01651376146788991
Felix Balas,Orhan Strum,0.0,0.0,3.0,0.0,0.0,0.06880733944954129,0.01651376146788991
Isak Baza,Vira Frente,0.0,0.0,3.0,0.0,0.0,0.06880733944954129,0.01651376146788991
Elsa Orilla,Felix Resumir,0.0,0.0,3.0,0.0,0.0,0.06880733944954129,0.01651376146788991
Bertrand Ovan,Elsa Orilla,0.0,0.0,3.0,0.0,0.0,0.06880733944954129,0.01651376146788991
Gustav Cazar,Isak Baza,0.0,0.0,2.0,0.0,0.0,0.045871559633027525,0.011009174311926606
Gustav Cazar,Hennie Osvaldo,0.0,0.0,2.0,0.0,0.0,0.045871559633027525,0.011009174311926606
Ingrid Barranco,Sven Flecha,0.0,0.0,2.0,0.0,0.0,0.045871559633027525,0.011009174311926606
Axel Calzas,Minke Mies,0.0,0.0,2.0,0.0,0.0,0.045871559633027525,0.011009174311926606
Felix Balas,Linnea Bergen,0.0,0.0,2.0,0.0,0.0,0.045871559633027525,0.011009174311926606
Lars Azada,Nils Calixto,0.0,0.0,2.0,0.0,0.0,0.045871559633027525,0.011009174311926606
Lars Azada,Lucas Alcazar,0.0,0.0,2.0,0.0,0.0,0.045871559633027525,0.011009174311926606
Lidelse Dedos,Loreto Bodrogi,0.0,0.0,2.0,0.0,0.0,0.045871559633027525,0.011009174311926606
Brand Tempestad,Felix Balas,0.0,0.0,3.0,0.0,0.0,0.06880733944954129,0.011009174311926606
Orhan Strum,Stenig Fusil,0.0,0.0,2.0,0.0,0.0,0.045871559633027525,0.011009174311926606
Axel Calzas,Brand Tempestad,0.0,0.0,2.0,0.0,0.0,0.045871559633027525,0.007339449541284404
Lars Azada,Lidelse Dedos,0.0,0.0,2.0,0.0,0.0,0.045871559633027525,0.007339449541284404
Hennie Osvaldo,Hideki Cocinaro,0.0,0.0,2.0,0.0,0.0,0.045871559633027525,0.007339449541284404
Kare Orilla,Marin Onda,0.0,0.0,2.0,0.0,0.0,0.045871559633027525,0.007339449541284404
Felix Balas,Kare Orilla,0.0,0.0,2.0,0.0,0.0,0.045871559633027525,0.007339449541284404
Birgitta Frente,Gustav Cazar,0.0,0.0,2.0,0.0,0.0,0.045871559633027525,0.007339449541284404
Felix Resumir,Sten Sanjorge Jr.,0.0,0.0,1.0,0.0,0.0,0.022935779816513763,0.005504587155963303
Gustav Cazar,Stenig Fusil,0.0,0.0,1.0,0.0,0.0,0.022935779816513763,0.005504587155963303
Kare Orilla,Stenig Fusil,0.0,0.0,1.0,0.0,0.0,0.022935779816513763,0.005504587155963303
Felix Balas,Isia Vann,0.0,0.0,1.0,0.0,0.0,0.022935779816513763,0.005504587155963303
Birgitta Frente,Sten Sanjorge Jr.,0.0,0.0,1.0,0.0,0.0,0.022935779816513763,0.005504587155963303
Gustav Cazar,Inga Ferro,0.0,0.0,1.0,0.0,0.0,0.022935779816513763,0.005504587155963303
Lidelse Dedos,Sten Sanjorge Jr.,0.0,0.0,1.0,0.0,0.0,0.022935779816513763,0.005504587155963303
Orhan Strum,Sven Flecha,0.0,0.0,1.0,0.0,0.0,0.022935779816513763,0.005504587155963303
Felix Balas,Hennie Osvaldo,0.0,0.0,1.0,0.0,0.0,0.022935779816513763,0.005504587155963303
Lars Azada,Minke Mies,0.0,0.0,1.0,0.0,0.0,0.022935779816513763,0.005504587155963303
Isia Vann,Sten Sanjorge Jr.,0.0,0.0,1.0,0.0,0.0,0.022935779816513763,0.005504587155963303
Axel Calzas,Hennie Osvaldo,0.0,0.0,1.0,0.0,0.0,0.022935779816513763,0.005504587155963303
Lars Azada,Varja Lagos,0.0,0.0,1.0,0.0,0.0,0.022935779816513763,0.005504587155963303
Gustav Cazar,Loreto Bodrogi,0.0,0.0,1.0,0.0,0.0,0.022935779816513763,0.005504587155963303
Lars Azada,Orhan Strum,0.0,0.0,1.0,0.0,0.0,0.022935779816513763,0.005504587155963303
Marin Onda,Sten Sanjorge Jr.,0.0,0.0,1.0,0.0,0.0,0.022935779816513763,0.005504587155963303
Axel Calzas,Isia Vann,0.0,0.0,1.0,0.0,0.0,0.022935779816513763,0.005504587155963303
Hennie Osvaldo,Lars Azada,0.0,0.0,1.0,0.0,0.0,0.022935779816513763,0.005504587155963303
Elsa Orilla,Stenig Fusil,0.0,0.0,1.0,0.0,0.0,0.022935779816513763,0.005504587155963303
Brand Tempestad,Hideki Cocinaro,0.0,0.0,1.0,0.0,0.0,0.022935779816513763,0.005504587155963303
Hideki Cocinaro,Sten Sanjorge Jr.,0.0,0.0,1.0,0.0,0.0,0.022935779816513763,0.005504587155963303
Felix Balas,Kanon Herrero,0.0,0.0,1.0,0.0,0.0,0.022935779816513763,0.003669724770642202
Axel Calzas,Lidelse Dedos,0.0,0.0,1.0,0.0,0.0,0.022935779816513763,0.003669724770642202
Hideki Cocinaro,Stenig Fusil,0.0,0.0,1.0,0.0,0.0,0.022935779816513763,0.003669724770642202
Axel Calzas,Elsa Orilla,0.0,0.0,1.0,0.0,0.0,0.022935779816513763,0.003669724770642202
Gustav Cazar,Marin Onda,0.0,0.0,1.0,0.0,0.0,0.022935779816513763,0.003669724770642202
Axel Calzas,Kare Orilla,0.0,0.0,1.0,0.0,0.0,0.022935779816513763,0.003669724770642202
Lars Azada,Marin Onda,0.0,0.0,1.0,0.0,0.0,0.022935779816513763,0.003669724770642202
Axel Calzas,Marin Onda,0.0,0.0,1.0,0.0,0.0,0.022935779816513763,0.003669724770642202
